DELETE FROM soft;
DELETE FROM installs;
DELETE FROM pcs;
DELETE FROM rooms;
DELETE FROM employees;
INSERT INTO soft (id, sname, ver, quant) VALUES
	(1,472946,8,7),
	(2,529506,6,10),
	(3,037645,4,9),
	(4,126395,3,2),
	(5,695384,1,9);
INSERT INTO installs (pc_id, soft_id) VALUES
	(1,4),
	(1,1),
	(2,4),
	(2,2),
	(3,4),
	(3,0),
	(4,5),
	(4,3),
	(5,4),
	(5,4),
	(6,0),
	(6,4),
	(7,0),
	(7,2),
	(8,1),
	(8,0),
	(9,3),
	(9,0),
	(10,3),
	(10,5),
	(11,0),
	(11,1),
	(12,2),
	(12,2),
	(13,1),
	(13,5),
	(14,5),
	(14,1),
	(15,1),
	(15,5),
	(16,4),
	(16,4),
	(17,3),
	(17,1),
	(18,2),
	(18,1),
	(19,5),
	(19,0),
	(20,2),
	(20,0),
	(21,3),
	(21,2),
	(22,4),
	(22,4),
	(23,1),
	(23,0),
	(24,2),
	(24,0),
	(25,1),
	(25,1),
	(26,2),
	(26,4),
	(27,3),
	(27,3),
	(28,3),
	(28,1),
	(29,4),
	(29,5),
	(30,1),
	(30,0);
INSERT INTO pcs(id, room_id, ip_addr, mac_addr) VALUES
	(1,1,5.56,'C0_ee_fb_3a_5b_e9'),
	(2,1,5.56,'C0_ee_fb_3a_5b_e0'),
	(3,2,5.56,'C0_ee_fb_3a_5b_e8'),
	(4,2,5.56,'C0_ee_fb_3a_5b_e7'),
	(5,3,5.56,'C0_ee_fb_3a_5b_e6'),
	(6,3,5.56,'C0_ee_fb_3a_5b_e5'),
	(7,4,5.56,'C0_ee_fb_3a_5b_e4'),
	(8,4,5.56,'C0_ee_fb_3a_5b_e3'),
	(9,5,5.56,'C0_ee_fb_3a_5b_e2'),
	(10,5,5.56,'C0_ee_fb_3a_5b_e1'),
	(11,6,5.56,'C0_ee_fb_3a_5b_f9'),
	(12,6,5.56,'C0_ee_fb_3a_5b_f0'),
	(13,7,5.56,'C0_ee_fb_3a_5b_f8'),
	(14,7,5.56,'C0_ee_fb_3a_5b_f7'),
	(15,8,5.56,'C0_ee_fb_3a_5b_f6'),
	(16,8,5.56,'C0_ee_fb_3a_5b_f5'),
	(17,9,5.56,'C0_ee_fb_3a_5b_f4'),
	(18,9,5.56,'C0_ee_fb_3a_5b_f3'),
	(19,10,5.56,'C0_ee_fb_3a_5b_f2'),
	(20,10,5.56,'C0_ee_fb_3a_5b_f1'),
	(21,11,5.56,'C0_ee_fb_3a_5b_g9'),
	(22,11,5.56,'C0_ee_fb_3a_5b_g0'),
	(23,12,5.56,'C0_ee_fb_3a_5b_g8'),
	(24,12,5.56,'C0_ee_fb_3a_5b_g7'),
	(25,13,5.56,'C0_ee_fb_3a_5b_g6'),
	(26,13,5.56,'C0_ee_fb_3a_5b_g5'),
	(27,14,5.56,'C0_ee_fb_3a_5b_g4'),
	(28,14,5.56,'C0_ee_fb_3a_5b_g3'),
	(29,15,5.56,'C0_ee_fb_3a_5b_g2');
  (29,15,5.56,'C0_ee_fb_3a_5b_g1');
INSERT INTO rooms(id, num, emp_id) VALUES
	(1,101,7),
	(2,102,5),
	(3,103,1),
	(4,104,5),
	(5,105,2),
	(6,201,6),
	(7,202,4),
	(8,203,3),
	(9,204,6),
	(10,205,7),
	(11,301,8),
	(12,302,2),
	(13,303,9),
	(14,304,4),
	(15,305,10);
INSERT INTO employees(id, lname, fname, mname) VALUES
	(1,'miterin','dmitry','sergeevich'),
	(2,'ivanov','ivan','ivanovich'),
	(3,'kiselev','sergey','konstantinovich'),
	(4,'trofimov','grigory','andreevich'),
	(5,'yaroslavlev','nikita','sergeevich'),
	(6,'ivanov','oleg','sergeevich'),
	(7,'shprotov','konstantin','sergeevich'),
	(8,'vinogradov','vasily','vasilievich'),
	(9,'stepankina','sofya','olegovna'),
	(10,'ponomarev','andrey','olegovich');
